{"loss": [1.339331865310669, 0.43192020058631897, 0.2561013698577881, 0.17900480329990387, 0.13418711721897125, 0.10608869045972824, 0.08588302880525589, 0.07311806082725525, 0.05996405705809593, 0.055401865392923355], "accuracy": [0.6060032844543457, 0.8633615374565125, 0.9163951873779297, 0.9417312741279602, 0.9560424089431763, 0.9650757312774658, 0.9714915752410889, 0.9763568043708801, 0.9804964661598206, 0.9822604656219482], "val_loss": [0.45446792244911194, 0.2958182394504547, 0.22770623862743378, 0.16633263230323792, 0.13361813127994537, 0.13334181904792786, 0.13600517809391022, 0.12950767576694489, 0.08181695640087128, 0.13039317727088928], "val_accuracy": [0.8560209274291992, 0.9029137492179871, 0.9263601303100586, 0.946790337562561, 0.9573753476142883, 0.9580582976341248, 0.9558388590812683, 0.9597086310386658, 0.9749601483345032, 0.9610175490379333]}